created_at;id_str;full_text;quote_count;reply_count;retweet_count;favorite_count;lang;user_id_str;conversation_id_str;username;tweet_url
Wed Jan 31 04:42:17 +0000 2024;1752552859776979425;"Pak Wowo telah menganggap remeh praktek politik anti demokrasi saat orba berkuasa.   #AsalBukan02 #PrabowoGibran #Pemilu2024 #Pilpres2024 https://t.co/HGJ2Tjishg";0;0;0;0;in;1722581577933500416;1752552859776979425;walkingside_;https://twitter.com/walkingside_/status/1752552859776979425
Wed Jan 31 04:42:10 +0000 2024;1752552832593793227;"Patroli Samapta Polres PPU melaksanakan patroli dialogis untuk memberi himbauan kamtibmas dan mencegah tindak kejahatan. . . . #PolresPPU #Poldakaltim #Polripresisi #Pemilu2024 #PemiluDamai #Damaiindonesia #IknNusantara https://t.co/i6vwnNsBKz";0;0;0;0;in;1593093257810300929;1752552832593793227;samapta_ppu;https://twitter.com/samapta_ppu/status/1752552832593793227
Wed Jan 31 04:41:34 +0000 2024;1752552679086391520;"Yuk baca selengkapnya di https://t.co/w8lPPpN38C  #pemilu2024 #kelasonline #daring #usu  Reporter : Rara Maura Hasibuan";0;0;0;0;in;180785270;1752552676943155529;BOPM_Wacana;https://twitter.com/BOPM_Wacana/status/1752552679086391520
Wed Jan 31 04:41:14 +0000 2024;1752552596232196277;"Personil patroli Sat Samapta Polres PPU melakukan pengamanan obyek vital bank bertujuan guna memberi rasa aman aktivitas masyarakat disekitar atm dan mencegah tindak kejahatan. . . . #PolresPPU #Poldakaltim #Polripresisi #Pemilu2024 #PemiluDamai #Damaiindonesia #IknNusantara https://t.co/LEkhNKVQsw";0;0;0;0;in;1593093257810300929;1752552596232196277;samapta_ppu;https://twitter.com/samapta_ppu/status/1752552596232196277
Wed Jan 31 04:40:51 +0000 2024;1752552498584604940;"Sangat memprihatinkan seorang Capres menganggap enteng pelanggaran HAM di masa lalu yang kadang dibuat sebagai lelucon. Terlebih adanya aktivis yang kini bergabung Prabowo telah menjadi penjilat dan pencuci dosa sang jenderal  #AsalBukan02 #PrabowoGibran #Pemilu2024 #Pilpres2024 https://t.co/b2UHT0BIo5";0;0;0;0;in;1722581577933500416;1752552498584604940;walkingside_;https://twitter.com/walkingside_/status/1752552498584604940
Wed Jan 31 04:39:34 +0000 2024;1752552176503980294;"SohIB di sini ada yang terpilih jadi petugas pemilu?  Akses informasi seputar panduan Pemilu 2024 di ‚û°Ô∏è https://t.co/CQDjEcDsWp  #IndonesiaBaik #YangMudaSukaData #PetugasPemilu #PengawasPemilu #KPPS #Honor #Pemilu2024 #PemiluDamai2024 #PemiluDamaiPedia #KominfoNewsroom https://t.co/tTSEuJ4L7j";0;0;0;0;in;831050085534363648;1752550748578320847;IndonesiaBaikId;https://twitter.com/IndonesiaBaikId/status/1752552176503980294
Wed Jan 31 04:38:58 +0000 2024;1752552027883028543;"@KemenkeuRI @KPU_ID @bawaslu_RI Jika dilihat dari perbandingan pada pemilu sebelumnya, honor badan ad hoc pada tahun 2024 mengalami kenaikan dibanding tahun2 sebelumnya.  #IndonesiaBaik #YangMudaSukaData #PetugasPemilu #PengawasPemilu #KPPS #Honor #Pemilu2024 #PemiluDamai2024 #PemiluDamaiPedia #KominfoNewsroom https://t.co/EdcKPWOQic";0;1;0;0;in;831050085534363648;1752550748578320847;IndonesiaBaikId;https://twitter.com/IndonesiaBaikId/status/1752552027883028543
Wed Jan 31 04:37:57 +0000 2024;1752551772114366658;"P14 Hari Menuju Pemilu 2024 Stop Hoax Sedini Mungkin !  #pemiluserentak2024 #pemilu2024 #divhumaspolri #poldabali #polresbadung https://t.co/4cr5MJaX11";0;0;0;0;in;1260766485296758786;1752551772114366658;polres_badung__;https://twitter.com/polres_badung__/status/1752551772114366658
Wed Jan 31 04:36:44 +0000 2024;1752551466013999371;"Polri Siap Jaga Netralitas Kenyamanan Masyarakat Adalah Prioritas Kami  #pemiluserentak2024 #pemilu2024 #divhumaspolri #poldabali #polresbadung https://t.co/zjtNpC8gnT";0;0;0;0;in;1260766485296758786;1752551466013999371;polres_badung__;https://twitter.com/polres_badung__/status/1752551466013999371
Wed Jan 31 04:36:14 +0000 2024;1752551336430993640;"Patroli Hunting dan Strong Point  Personel Polres Tulang Bawang dan jajaran melaksanakan patroli hunting dan pengaturan pada titik-titik rawan (strong point) di kabupaten Tulang Bawang  #kapolrestulangbawang #akbpjames #tulangbawang #pemilu2024 #strongpoint #patrolihunting https://t.co/5GdqTW2J19";0;0;0;0;in;1155676692133761024;1752551336430993640;polrestubalpg;https://twitter.com/polrestubalpg/status/1752551336430993640
Wed Jan 31 04:34:24 +0000 2024;1752550877490188550;"Simak juga konten arsip cawapres nomor urut 2 Gibran Rakabuming Raka (@gibran_tweet) di @KompasData.  #Pemilu2024 #MudaMemilih #ArsipKompas #FotoCerita #AdadiKompas";0;0;0;0;in;771030588;1751844795683930280;KompasData;https://twitter.com/KompasData/status/1752550877490188550
Wed Jan 31 04:33:53 +0000 2024;1752550748578320847;"Hai SohIB!  Pemerintah melalui @KemenkeuRI menyetujui pengajuan anggaran yg disampaikan @KPU_ID, untuk kenaikan honor ad hoc penyelenggara pemilu 2024.  (sebuah Utas) ‚¨áÔ∏è‚¨áÔ∏è‚¨áÔ∏è  #IndonesiaBaik #PetugasPemilu #PengawasPemilu #KPPS #Honor #Pemilu2024 #PemiluDamai2024 #PemiluDamaiPedia https://t.co/Ifuun7jWFM";0;2;0;0;in;831050085534363648;1752550748578320847;IndonesiaBaikId;https://twitter.com/IndonesiaBaikId/status/1752550748578320847
Wed Jan 31 04:33:47 +0000 2024;1752550723341136329;"Bisa jadi Indonesia akan bernasib sama dengan Filipina jika yang terpilih nantinya adalah pihak yang meniru persis strategi kampanye Bongbong Marcos yang tak lain tak bukan adalah si gemoy. Jangan sampe ini terjadi!  #AsalBukan02 #PrabowoGibran #Pemilu2024 #Pilpres2024 https://t.co/Koa4bK78Yy";0;0;0;0;in;1722581577933500416;1752550723341136329;walkingside_;https://twitter.com/walkingside_/status/1752550723341136329
Wed Jan 31 04:33:36 +0000 2024;1752550674028712090;"Jangan sampe kejadian di Indonesia ya! Cukup kejadian di Filipina saja.   #AsalBukan02 #PrabowoGibran #Pemilu2024 #Pilpres2024 https://t.co/2fWAdWYObH";0;0;0;0;in;1722581577933500416;1752550674028712090;walkingside_;https://twitter.com/walkingside_/status/1752550674028712090
Wed Jan 31 04:32:46 +0000 2024;1752550467190829528;"Jelang Pemilu 2024, PLN Jabar Siaga Jaga Pasokan Listrik  https://t.co/vZjPf7QxIP  Editor : jabar ekspres / Annisa Rachmawati #jabarekspres #Jelangpemilu #Pemilu2024 #PLN #JawaBarat #Siaga #PilpresDamai2024";0;0;0;0;in;1718860181994659840;1752550467190829528;Jabareksprescom;https://twitter.com/Jabareksprescom/status/1752550467190829528
Wed Jan 31 04:32:23 +0000 2024;1752550370512081011;"Pak @prabowo bersama dengan Presiden @jokowi  meresmikan Graha AKMIL  #prabowo #gibranrakabumingraka #prabowogibran #prabowopresiden #allinprabowo #mendingprabowo #indonesia #indonesiamaju #jokowi #ganjarpranowo #aniesbaswedan #pemilu2024 #pilpres2024 #politik #politikindonesia https://t.co/zrEYNr4Wxu";0;0;0;1;in;1579126996537290752;1752550370512081011;mypresidentid;https://twitter.com/mypresidentid/status/1752550370512081011
Wed Jan 31 04:30:53 +0000 2024;1752549991791624332;"Cara Nyoblos Surat Suara yang Sah di TPS saat Pemilu 2024  https://t.co/dGwKtwxS0f  Editor : jabar ekspres / Hannie Mauliyandinie  #jabarekspres #TPS #Politik #Pemilu2024 #PemiluSerentak2024 #Pilpres2024 #Suratsuara";0;0;0;0;in;1718860181994659840;1752549991791624332;Jabareksprescom;https://twitter.com/Jabareksprescom/status/1752549991791624332
Wed Jan 31 04:28:08 +0000 2024;1752549301753155588;"Pemilu damai harus kita wujudkan  #Pemilu2024 #PemiluDamaiPedia https://t.co/8Ma4eCdAGf";0;0;0;0;in;1292085658693988353;1752548674364903791;TSalaksa;https://twitter.com/TSalaksa/status/1752549301753155588
Wed Jan 31 04:27:30 +0000 2024;1752549138255024541;"Politisi PDIP mengatakan Anies dan Ganjar mungkin bersekutu mengalahkan Prabowo ‚Äì kandidat terkuat ‚Äì apabila pemilihan presiden berlangsung dua putaran. @masinton  #pemilu2024 #pilpres2024 https://t.co/8lMrOMhBFA";0;0;0;0;in;3063826036;1752549138255024541;BenarNewsID;https://twitter.com/BenarNewsID/status/1752549138255024541
Wed Jan 31 04:26:15 +0000 2024;1752548825439535191;"Dukung pemilu berkualitas dan bermartabat  #Pemilu2024 #PemiluDamaiPedia #JagaPersatuan #TidakGolput https://t.co/yYLnGQDU4g";0;1;0;0;in;1292085658693988353;1752548674364903791;TSalaksa;https://twitter.com/TSalaksa/status/1752548825439535191
Wed Jan 31 04:26:01 +0000 2024;1752548767667216560;"Seluruh ASN Wajib menjaga Netralitas jelang pemilu 2024  #Pemilu2024 #PemiluDamaiPedia #JagaPersatuan #TidakGolput https://t.co/1R47CdPuwf";0;1;0;0;in;1292085658693988353;1752548674364903791;TSalaksa;https://twitter.com/TSalaksa/status/1752548767667216560
Wed Jan 31 04:25:39 +0000 2024;1752548674364903791;"Kawal dan Sukseskan Pemilu Damai 2024  #Pemilu2024 #PemiluDamaiPedia #JagaPersatuan #TidakGolput https://t.co/oyLDWOWUka";0;1;0;0;in;1292085658693988353;1752548674364903791;TSalaksa;https://twitter.com/TSalaksa/status/1752548674364903791
Wed Jan 31 04:24:31 +0000 2024;1752548388426641816;"Anggaran dari rencana Prabowo Gibran yakni makan siang gratis tak jelas sumber dana-dananya. Masih mau milih yang kayak begini?  #AsalBukan02 #PrabowoGibran #Pemilu2024 #Pilpres2024 https://t.co/WonvF1WP8Y";0;0;0;0;in;1722581577933500416;1752548388426641816;walkingside_;https://twitter.com/walkingside_/status/1752548388426641816
Wed Jan 31 04:24:18 +0000 2024;1752548335003799700;"Keren nih proyek #foodestate #pemilu2024 #pensiungolput";0;0;0;0;in;482641365;1752548335003799700;hasbi_azhar;https://twitter.com/hasbi_azhar/status/1752548335003799700
Wed Jan 31 04:23:49 +0000 2024;1752548215478763825;"Kapolresta magelang beserta staf dan bhayangkari mengucapkan Selamat Harlah yang ke 101 tahun untuk NAHDLATUL ULAMA (16 Rajab 1445 Hijriyyah - 31 Januari 2024 M).   #HadirBerbuatBermanfaat #polrestamagelanghadir #polri #pemilu2024 #pemiludamai #magelang https://t.co/8wGCHjFDap";0;0;0;0;in;1428920868445454343;1752548215478763825;Sikeumgl;https://twitter.com/Sikeumgl/status/1752548215478763825
Wed Jan 31 04:23:48 +0000 2024;1752548207316619425;"Rencana yang dilakukan oleh Prabowo Gibran untuk menaikkan pajak selain memberatkan rakyat juga tak sesuai dengan program mereka yakni makan siang gratis. Coba deh pikir2 lagi kalo mau milih 02!  #AsalBukan02 #PrabowoGibran #Pemilu2024 #Pilpres2024 https://t.co/9vyxJcThUe";0;0;0;0;in;1722581577933500416;1752548207316619425;walkingside_;https://twitter.com/walkingside_/status/1752548207316619425
Wed Jan 31 04:18:43 +0000 2024;1752546931631661301;"Berkaca pada Filipina, omon-omon Jokowi pada Prabowo hanyalah angan-angan. Nantinya the Nepo Baby aka Samsul itulah yang bakal menjadikan sad ending bagi Indonesia.   #PresidenJokowi #PrabowoGibran #Pemilu2024 #Pilpres2024 https://t.co/Gri4uOpXmj";0;0;0;0;in;1722581577933500416;1752546931631661301;walkingside_;https://twitter.com/walkingside_/status/1752546931631661301
Wed Jan 31 04:15:28 +0000 2024;1752546114010751286;"Filipina dan Indonesia ternyata memiliki kesamaan, atas nama kekuasaan kemudian menghalalkan berbagai cara agar tetap bertahta, salah satunya ya mengubah peraturan.    #PresidenJokowi #PrabowoGibran #Pemilu2024 #Pilpres2024 https://t.co/VBdBLuCgDL";0;0;0;0;in;1722581577933500416;1752546114010751286;walkingside_;https://twitter.com/walkingside_/status/1752546114010751286
Wed Jan 31 04:13:56 +0000 2024;1752545725748277607;"Pendukung 01 diinstruksikan untuk menggempur TikToküî•  #AMIN #AniesMuhaimin #Pemilu2024 #AMINAjaDulu #AMINkanIndonesia #AMINfor2024 https://t.co/E2GAp4DNuV";0;0;0;0;in;1683511603789189120;1752545725748277607;CR7ISTIANO_7;https://twitter.com/CR7ISTIANO_7/status/1752545725748277607
Wed Jan 31 04:13:29 +0000 2024;1752545611105423537;"Kapolresta magelang beserta staf dan bhayangkari mengucapkan Selamat Harlah yang ke 101 tahun untuk NAHDLATUL ULAMA (16 Rajab 1445 Hijriyyah - 31 Januari 2024 M).   #HadirBerbuatBermanfaat #polrestamagelanghadir #polri #pemilu2024 #pemiludamai #magelang https://t.co/kKZUP68HBW";0;0;0;0;in;1268399761305923584;1752545611105423537;Suryono68809308;https://twitter.com/Suryono68809308/status/1752545611105423537
Wed Jan 31 04:10:12 +0000 2024;1752544787859992634;"Bersama: - Amir Arief, Direktur Sosialisasi dan Kampanye Antikorupsi KPK - Prof. Dr. Hariadi Kartodihardjo, Guru Besar Fakultas Kehutanan &amp  Lingkungan - IPB  Dengarkan secara langsung di Pro 3 88,8 FM  #antikorupsi #hajarseranganfajar #kpk #pemilu2024 #gerakancerdasmemilih";0;1;0;0;in;1129936609;1752544673888158204;RRIPrograma3;https://twitter.com/RRIPrograma3/status/1752544787859992634
Wed Jan 31 04:09:36 +0000 2024;1752544636860817898;"Selektif dalam memilih adalah bentuk tangkal Hoax Menjelang Pemilu 2024 #Pemilu2024 #Pilpres2024 #PemiluDamai #JanganGolput #StopHoaxPemilu https://t.co/Lf52Hr79Yq";0;1;0;1;in;1386227995245826049;1752544626018513091;ElKalMan;https://twitter.com/ElKalMan/status/1752544636860817898
Wed Jan 31 04:09:35 +0000 2024;1752544633253736450;"Pemilu 2024 harus terbebas yang namanya HOAX !! #Pemilu2024 #Pilpres2024 #PemiluDamai #JanganGolput #StopHoaxPemilu https://t.co/51oPnkpZIz";0;1;0;1;in;1386227995245826049;1752544626018513091;ElKalMan;https://twitter.com/ElKalMan/status/1752544633253736450
Wed Jan 31 04:09:35 +0000 2024;1752544629722067266;"Waspada terhadap berita palsu atau HOAX menjelang Pemilu 2024 #Pemilu2024 #Pilpres2024 #PemiluDamai #JanganGolput #StopHoaxPemilu https://t.co/6VIHHCRaa5";0;1;0;1;in;1386227995245826049;1752544626018513091;ElKalMan;https://twitter.com/ElKalMan/status/1752544629722067266
Wed Jan 31 04:09:34 +0000 2024;1752544626018513091;"Orang Cerdas pasti menggunakan Hak Pilihnya pada Pemilu 2024 #Pemilu2024 #Pilpres2024 #PemiluDamai #JanganGolput #StopHoaxPemilu https://t.co/dsEhDhZn8s";0;1;0;1;in;1386227995245826049;1752544626018513091;ElKalMan;https://twitter.com/ElKalMan/status/1752544626018513091
Wed Jan 31 04:06:05 +0000 2024;1752543751418126664;"Hati2 bias kebencian akut ke salah satu paslon ditambah dukungan algoritma sosmed yg memunculkan konten2 paslon yg dibenci akan masuk ke alam bawah sadar, pas hari H malah nyoblos nomor paslon yg dibenci ü§≠. #Pemilu2024 #AMINAjaDulu #PrabowoGibran #GanjarMahfud2024";0;0;0;0;in;47651559;1752543751418126664;macharimurti;https://twitter.com/macharimurti/status/1752543751418126664
Wed Jan 31 04:05:18 +0000 2024;1752543552603848945;"Menyikapi fenomena pindah kubu   https://t.co/JEXG4cYVhw  #pemilu2024 #pemiluserentak2024 #ustadzismailyusanto https://t.co/fxUoCbZGVG";0;0;0;0;in;1724296155641872384;1752543552603848945;ummu_aq;https://twitter.com/ummu_aq/status/1752543552603848945
Wed Jan 31 03:59:42 +0000 2024;1752542142910906720;"Gunakan hak suara Anda untuk Indonesia! Pemungutan suara Pemilu 2024 di TPSLN Hanoi akan dilaksanakan dengan jadwal sbb.:  üóìHari, tanggal : Senin, 5 Februari 2024 üèòTempat : KBRI Hanoi, 50 Ngo Quyen, Hoan Kiem, Hanoi  #Pilpres2024 #Pemilu2024";0;1;0;0;in;3314172242;1752542139635118082;IndonesiaHanoi;https://twitter.com/IndonesiaHanoi/status/1752542142910906720
Wed Jan 31 03:59:05 +0000 2024;1752541988673749484;"Luar biasa sekelas mantan gubernur DKI 1 mau jdi capres, raja pun bergerak dan turun tangan. Ibarat main catur berarti pertahanan sudah  rapuh... Sekuat itukan capres mantan DKI 1  raja mau turun tangan  #Pemilu2024  #Pilpres2024  #Indonesia";0;0;0;0;in;1192128293853466624;1752541988673749484;rezaalhakim4;https://twitter.com/rezaalhakim4/status/1752541988673749484
Wed Jan 31 03:55:43 +0000 2024;1752541140308693015;"Mari Wujudkan Pemilu 2024 Yang Aman &amp  Damai #PemiluSerentak2024 #KPUMelayani #LogistikPemilu2024 #pemilu2024 #Capres #Cawapres #AniesBaswedan #MuhaiminIskandar #PrabowoSubianto #GibranRakabuming #GanjarPranowo #MahfudMD #Pilpres2024 #Pemilu2024 https://t.co/919O3IlBLy";0;0;0;0;in;1566752552934207489;1752541140308693015;SiputLpg;https://twitter.com/SiputLpg/status/1752541140308693015
Wed Jan 31 03:55:39 +0000 2024;1752541123694964811;"Mari Wujudkan Pemilu 2024 Yang Aman &amp  Damai #PemiluSerentak2024 #KPUMelayani #LogistikPemilu2024 #pemilu2024 #Capres #Cawapres #AniesBaswedan #MuhaiminIskandar #PrabowoSubianto #GibranRakabuming #GanjarPranowo #MahfudMD #Pilpres2024 #Pemilu2024 https://t.co/G7CtFGS8zK";0;0;0;0;in;1566752552934207489;1752541123694964811;SiputLpg;https://twitter.com/SiputLpg/status/1752541123694964811
Wed Jan 31 03:55:35 +0000 2024;1752541106158596563;"Mari Wujudkan Pemilu 2024 Yang Aman &amp  Damai #PemiluSerentak2024 #KPUMelayani #LogistikPemilu2024 #pemilu2024 #Capres #Cawapres #AniesBaswedan #MuhaiminIskandar #PrabowoSubianto #GibranRakabuming #GanjarPranowo #MahfudMD #Pilpres2024 #Pemilu2024 https://t.co/rZ4MNcJsYB";0;0;0;0;in;1566752552934207489;1752541106158596563;SiputLpg;https://twitter.com/SiputLpg/status/1752541106158596563
Wed Jan 31 03:55:31 +0000 2024;1752541089951875212;"Bawa Spanduk Pilih Ganjar Saat Kunjungan Jokowi, Pria di Gunungkidul Dipukul Hingga Jakunnya Geser  #Pemilu2024 #pendukungganjar #GanjarMahfud #Jokowi   https://t.co/mtt9a3HI9D via @tribunnews";0;0;1;0;in;894940664;1752541089951875212;murtopotop;https://twitter.com/murtopotop/status/1752541089951875212
Wed Jan 31 03:55:31 +0000 2024;1752541089784070496;"Mari Wujudkan Pemilu 2024 Yang Aman &amp  Damai #PemiluSerentak2024 #KPUMelayani #LogistikPemilu2024 #pemilu2024 #Capres #Cawapres #AniesBaswedan #MuhaiminIskandar #PrabowoSubianto #GibranRakabuming #GanjarPranowo #MahfudMD #Pilpres2024 #Pemilu2024 https://t.co/7Z53ag07ab";0;0;0;0;in;1566752552934207489;1752541089784070496;SiputLpg;https://twitter.com/SiputLpg/status/1752541089784070496
Wed Jan 31 03:55:29 +0000 2024;1752541083433840919;"Apel Pengecekan pasukan Pengamanan TPS menjelang Pemilu 2024 adalah langkah krusial untuk memastikan pelaksanaan demokrasi yang aman dan tertib.   @DivHumas_Polri  @Polripresisi  @polisi_peduli  @indo_pol   #bidhumaspoldaaceh #poldaaceh #polripresisi #pemilu2024 https://t.co/7GzqkWsxlW";0;0;0;1;in;1254966776410124289;1752541083433840919;bidhumasaceh;https://twitter.com/bidhumasaceh/status/1752541083433840919
Wed Jan 31 03:55:26 +0000 2024;1752541072201527469;"Mari Wujudkan Pemilu 2024 Yang Aman &amp  Damai #PemiluSerentak2024 #KPUMelayani #LogistikPemilu2024 #pemilu2024 #Capres #Cawapres #AniesBaswedan #MuhaiminIskandar #PrabowoSubianto #GibranRakabuming #GanjarPranowo #MahfudMD #Pilpres2024 #Pemilu2024 https://t.co/PlRfFgKjVv";0;0;0;0;in;1566752552934207489;1752541072201527469;SiputLpg;https://twitter.com/SiputLpg/status/1752541072201527469
Wed Jan 31 03:55:21 +0000 2024;1752541050802180193;"Mari Wujudkan Pemilu 2024 Yang Aman &amp  Damai #PemiluSerentak2024 #KPUMelayani #LogistikPemilu2024 #pemilu2024 #Capres #Cawapres #AniesBaswedan #MuhaiminIskandar #PrabowoSubianto #GibranRakabuming #GanjarPranowo #MahfudMD #Pilpres2024 #Pemilu2024 https://t.co/bjn9807qKt";0;0;0;0;in;1566752552934207489;1752541050802180193;SiputLpg;https://twitter.com/SiputLpg/status/1752541050802180193
Wed Jan 31 03:55:06 +0000 2024;1752540987241726452;"Mari Wujudkan Pemilu 2024 Yang Aman &amp  Damai #PemiluSerentak2024 #KPUMelayani #PemiluSerentak 2024 #LogistikPemilu2024 #pemilu2024 #Capres #Cawapres #AniesBaswedan #MuhaiminIskandar #PrabowoSubianto #GibranRakabuming #GanjarPranowo #MahfudMD #Pilpres2024 #Pemilu2024 https://t.co/2iEBxL3l5v";0;0;0;0;in;1566752552934207489;1752540987241726452;SiputLpg;https://twitter.com/SiputLpg/status/1752540987241726452
Wed Jan 31 03:55:01 +0000 2024;1752540966291136707;"Mari Wujudkan Pemilu 2024 Yang Aman &amp  Damai #PemiluSerentak2024 #KPUMelayani #PemiluSerentak 2024 #LogistikPemilu2024 #pemilu2024 #Capres #Cawapres #AniesBaswedan #MuhaiminIskandar #PrabowoSubianto #GibranRakabuming #GanjarPranowo #MahfudMD #Pilpres2024 #Pemilu2024 https://t.co/PccpHuELgf";0;0;0;0;in;1566752552934207489;1752540966291136707;SiputLpg;https://twitter.com/SiputLpg/status/1752540966291136707
Wed Jan 31 03:54:19 +0000 2024;1752540788071051533;"Sosiolog Unair Soal Pernyataan Prof Mahfud MD  #Unair #MahfudMD #Pemilu2024  https://t.co/qEcLYL4APE";0;0;0;0;in;1361542850551238657;1752540788071051533;dobrakdotco;https://twitter.com/dobrakdotco/status/1752540788071051533
Wed Jan 31 03:53:25 +0000 2024;1752540562908156204;"Hayo sahabat, kamu sudah siap menghadapi pemilu di hari valentin ?  Jangan lupa mendekat ya, kira-kira kamu mendekat kemana ?   Baca disini agar tahu arah perjuangan 2024 ü§≠ https://t.co/Sgq36lvR8M #Pemilu2024 #Pemilu2024AmanDamai #PemiluSerentak2024";0;0;1;3;in;1365710688744742913;1752540562908156204;AnsorKedamean;https://twitter.com/AnsorKedamean/status/1752540562908156204
Wed Jan 31 03:52:05 +0000 2024;1752540229494526192;"Polres Ppu, Polda Kaltim - Patroli Gabungan 3 Pilar, Ciptakan Situasi Harkamtibmas Kondusif Jelang Pemilu Damai 2024 di Gudang KPU Kab. PPU, Rabu (31/01/2023)  .@divisihumaspolri @spripim.polri . #PolresPPU #Poldakaltim #Polripresisi #Pemilu2024 #PemiluDamai #Damaiindonesia https://t.co/M4fnAZ88wn";0;0;0;0;in;1697441892483596288;1752540229494526192;bag_ops_PPU;https://twitter.com/bag_ops_PPU/status/1752540229494526192
Wed Jan 31 03:49:58 +0000 2024;1752539695316410587;"Kapolresta magelang beserta staf dan bhayangkari mengucapkan Selamat Harlah yang ke 101 tahun untuk NAHDLATUL ULAMA (16 Rajab 1445 Hijriyyah - 31 Januari 2024 M).   #HadirBerbuatBermanfaat #polrestamagelanghadir #polri #pemilu2024 #pemiludamai #magelang https://t.co/pY0WIeUVxO";0;0;0;0;in;1455760055341518850;1752539695316410587;daniss25604824;https://twitter.com/daniss25604824/status/1752539695316410587
Wed Jan 31 03:49:43 +0000 2024;1752539630992581015;"Polres Ppu, Polda Kaltim - Patroli Gabungan 3 Pilar, Ciptakan Situasi Harkamtibmas Kondusif Jelang Pemilu Damai 2024 di Kantor Bawaslu Kab. PPU, Rabu (31/01/2023) .@divisihumaspolri @spripim.polri . #PolresPPU #Poldakaltim #Polripresisi #Pemilu2024 #PemiluDamai #Damaiindonesia https://t.co/XgNMjdJOi9";0;0;0;0;in;1697441892483596288;1752539630992581015;bag_ops_PPU;https://twitter.com/bag_ops_PPU/status/1752539630992581015
Wed Jan 31 03:48:54 +0000 2024;1752539424523731026;"Kapolresta magelang beserta staf dan bhayangkari mengucapkan Selamat Harlah yang ke 101 tahun untuk NAHDLATUL ULAMA (16 Rajab 1445 Hijriyyah - 31 Januari 2024 M).   #HadirBerbuatBermanfaat #polrestamagelanghadir #polri #pemilu2024 #pemiludamai #magelang https://t.co/cS8IvCQqam";0;0;0;0;in;1235123192953335808;1752539424523731026;DsdIskak;https://twitter.com/DsdIskak/status/1752539424523731026
Wed Jan 31 03:47:41 +0000 2024;1752539119308435818;"Mahfud mengatakan Presiden @Jokowi mengangkatnya menjadi Menko Polhukam dengan hormat, maka menurut dia, ketika mundur juga dilakukan dengan hormat.  "Itu segi etiknya. Tinggal nunggu jadwal ketemu," kata @mohmahfudmd.  #Pemilu2024  https://t.co/KgtGU1ft49";0;0;0;0;in;124390203;1752539119308435818;beritaKBR;https://twitter.com/beritaKBR/status/1752539119308435818
Wed Jan 31 03:47:26 +0000 2024;1752539056939130970;"#pemilu2024 #viral Lihat video Suhendri aceh ( tangerang )! #TikTok https://t.co/0PaDEhrlaU";0;0;0;0;in;880544960163979265;1752539056939130970;acehsatu2;https://twitter.com/acehsatu2/status/1752539056939130970
Wed Jan 31 03:47:16 +0000 2024;1752539016560541789;"Seluruh aparatur Negara wajib netral dalam Pemilu 2024  #pemilu2024 https://t.co/7MszZXqKVs";0;1;0;0;in;1562814013029117955;1752539016560541789;lestikelar;https://twitter.com/lestikelar/status/1752539016560541789
Wed Jan 31 03:44:57 +0000 2024;1752538433262940207;"Kapolresta magelang beserta staf dan bhayangkari mengucapkan Selamat Harlah yang ke 101 tahun untuk NAHDLATUL ULAMA (16 Rajab 1445 Hijriyyah - 31 Januari 2024 M).   #HadirBerbuatBermanfaat #polrestamagelanghadir #polri #pemilu2024 #pemiludamai #magelang https://t.co/ZkcuDsM6i7";0;0;0;1;in;1593446609756770305;1752538433262940207;PolrestaMgl;https://twitter.com/PolrestaMgl/status/1752538433262940207
Wed Jan 31 03:44:36 +0000 2024;1752538342150042025;"Polres Ppu, Polda Kaltim - Patroli Gabungan 3 Pilar, Ciptakan Situasi Harkamtibmas Kondusif Jelang Pemilu Damai 2024 di Kantor PPK Kec. Penajam Kab. PPU, Rabu (31/01/2023)  .@divisihumaspolri @spripim.polri . #PolresPPU #Poldakaltim #Polripresisi #Pemilu2024 #PemiluDamai https://t.co/9xR2eSEfSw";0;0;0;0;in;1697441892483596288;1752538342150042025;bag_ops_PPU;https://twitter.com/bag_ops_PPU/status/1752538342150042025
Wed Jan 31 03:42:59 +0000 2024;1752537938368598061;"Kapolresta magelang beserta staf dan bhayangkari mengucapkan Selamat Harlah yang ke 101 tahun untuk NAHDLATUL ULAMA (16 Rajab 1445 Hijriyyah - 31 Januari 2024 M).   #HadirBerbuatBermanfaat #polrestamagelanghadir #polri #pemilu2024 #pemiludamai #magelang https://t.co/IjmR9brzcC";0;0;0;0;in;1709089009740476416;1752537938368598061;polseknglu18112;https://twitter.com/polseknglu18112/status/1752537938368598061
Wed Jan 31 03:40:20 +0000 2024;1752537272287989878;"Polres Ppu, Polda Kaltim - Patroli Gabungan 3 Pilar, Ciptakan Situasi Harkamtibmas Kondusif Jelang Pemilu Damai 2024 di Kantor KPU Kab. PPU, Rabu (31/01/2023)  .@divisihumaspolri @spripim.polri . #PolresPPU #Poldakaltim #Polripresisi #Pemilu2024 #PemiluDamai #Damaiindonesia https://t.co/u8nyzGTzsO";0;0;0;0;in;1697441892483596288;1752537272287989878;bag_ops_PPU;https://twitter.com/bag_ops_PPU/status/1752537272287989878
Wed Jan 31 03:38:00 +0000 2024;1752536683218952449;"Tribun Jogja edisi Rabu, 31 Januari 2024. #Pemilu2024 #pilpres https://t.co/o0wZOPf4hg";0;1;0;1;in;223476605;1752536683218952449;tribunjogja;https://twitter.com/tribunjogja/status/1752536683218952449
Wed Jan 31 03:36:52 +0000 2024;1752536397456756930;"Setiap capres kan dikawal paspampres ya. Coba aja tanya paspampres capres mana yg setiap acara rakyat memihak dan membludak #Pemilu2024 #capres2024";0;0;0;0;in;3537218660;1752536397456756930;id_hananto;https://twitter.com/id_hananto/status/1752536397456756930
Wed Jan 31 03:32:20 +0000 2024;1752535258212544734;"Selamat Pagi Indonesia....#viral #VideoViral #goodmorning #WednesdayMotivation #Pemilu2024 #Pilpres2024 #TikTok„É©„Ç§„Éñ #Twitter‰øùÂ≠ò„É©„É≥„Ç≠„É≥„Ç∞ https://t.co/MGXht7Rgdo";0;0;0;0;in;124762474;1752535258212544734;rizki_NU;https://twitter.com/rizki_NU/status/1752535258212544734
Wed Jan 31 03:31:50 +0000 2024;1752535132932890955;"Round Up Kampanye ke-64, Pasangan Calon Gencar Tebar Janji ke Daerah  https://t.co/TnfIe11ogf  #Pemilu2024 #kampanye #AMINkanIndonesia #PrabowoGibran #GanjarMahfudSatset #Pilpres2024 #PemiluIndonesia";0;0;0;0;in;1465529152136568833;1752535132932890955;officialntv_;https://twitter.com/officialntv_/status/1752535132932890955
Wed Jan 31 03:30:41 +0000 2024;1752534843324567691;"Kita semua tahu bahwa Bansos dan BLT itu program negara untuk masyarakat. Bukan program tim pemenangan Capres untuk mencari dukungan publik. Telah terjadi penyalahgunaan kebijakan.   #PresidenJokowi #PrabowoGibran #Pilpres2024 #Pemilu2024 #AsalBukan02 https://t.co/zU73ZiiJfM";0;0;0;0;in;1737885127898976256;1752534843324567691;adammalik64;https://twitter.com/adammalik64/status/1752534843324567691
Wed Jan 31 03:30:17 +0000 2024;1752534741973361117;"Kita semua tahu bahwa Bansos dan BLT itu program negara untuk masyarakat. Bukan program tim pemenangan Capres untuk mencari dukungan publik. Telah terjadi penyalahgunaan kebijakan.   #PresidenJokowi #PrabowoGibran #Pilpres2024 #Pemilu2024 #AsalBukan02 https://t.co/f6QpTDkCzK";0;0;0;0;in;1737890750757765120;1752534741973361117;SariPutri96;https://twitter.com/SariPutri96/status/1752534741973361117
Wed Jan 31 03:29:39 +0000 2024;1752534580610081108;"Negeri ini sedang tidak baik2 saja ....saatnya semua bersatu, ada isu bersama yg bisa menyatukan rakyat semua. LAWAN ‚úäüèΩ #Pemilu2024  #savedemokrasi #savereformasi";0;0;0;0;in;1635444252493897728;1752534580610081108;AnditaZell20506;https://twitter.com/AnditaZell20506/status/1752534580610081108
Wed Jan 31 03:29:34 +0000 2024;1752534561240870948;"Personel OMB Mansinam 2023-2024 Polres Teluk Wondama melaksanakan Patroli Dialogis guna ciptakan Kamtibmas yang kondusif jelang Pemilu 2024  #opsmantapbrata20232024  #pemilu2024  #polrihumanis  #polripresisi  @humas_poldaPB @DivHumas_Polri https://t.co/n29mKvteDk";0;0;0;1;in;1468109313977683978;1752534561240870948;PolresTW;https://twitter.com/PolresTW/status/1752534561240870948
Wed Jan 31 03:29:20 +0000 2024;1752534502524719290;"Demokrasi Itu Boleh Beda Pilihan Akan Tetapi Tetap Jaga Persatuan   Pemilu 2024 Aman dan Damai  #pemilu2024  #PemiluAman2024  #PemiluDamai https://t.co/eR49TQhl58";0;0;0;0;in;976793033197760513;1752534502524719290;polreshalut_;https://twitter.com/polreshalut_/status/1752534502524719290
Wed Jan 31 03:27:53 +0000 2024;1752534135665733651;"Jelang Pemilu 2024, PLN Jabar Siaga Jaga Pasokan Listrik  https://t.co/5f8E980MBD  #radarjabar #Pemilu2024 #pilkada #PLN #PLNJabar #PasikanListrik #DistribusiListrik";0;0;0;2;in;1651883208404000769;1752534135665733651;radarjabar_id;https://twitter.com/radarjabar_id/status/1752534135665733651
Wed Jan 31 03:26:49 +0000 2024;1752533867481972942;"Kampanye Hari ke-65, Ganjar ke Pontianak dan Mahfud ke Aceh  https://t.co/OkhvXo7RHP  #Pemilu2024 #GanjarMahfud2024 #kampanye #Pilpres2024 #PemiluIndonesia";0;0;0;0;in;1465529152136568833;1752533867481972942;officialntv_;https://twitter.com/officialntv_/status/1752533867481972942
Wed Jan 31 03:26:37 +0000 2024;1752533817234165880;"Gibran seolah-olah menguasai masalah namun sebenarnya tidak secara substansi dan cenderung menghafal.    #PresidenJokowi #PrabowoGibran #Pilpres2024 #Pemilu2024 #AsalBukanGibran https://t.co/JNpEx7WFxA";0;0;0;0;in;1737890750757765120;1752533817234165880;SariPutri96;https://twitter.com/SariPutri96/status/1752533817234165880
Wed Jan 31 03:26:30 +0000 2024;1752533790034157984;"Investor Asing asal China, Arab Saudi dan penanam modal lainnya nyatakan minat untuk turut serta menggarap proyek IKN. #IbuKotaBaru #IndonesiaMaju  #GrandeFratello  #InvestSmart  #EkonomiKuat  #Pemilu2024 https://t.co/fzuUpsjyhQ";0;0;0;0;in;298641815;1752533790034157984;Coffee2Talks;https://twitter.com/Coffee2Talks/status/1752533790034157984
Wed Jan 31 03:24:52 +0000 2024;1752533377771782448;"#SobatJDIH, berikut penjelasan terkait Suara untuk Pemilu Anggota DPD yang dianggap sah serta tanda coblos Surat suara yang dinyatakan sah.   #PemiluSerentak2024  #sobatJDIH  #KPUProvinsiJambi  #pemilu2024  #pemilihanserentak2024  #jdihkpuprovinsijambi  #sobatjdihkpuprovinsijambi https://t.co/QzqPu072rg";0;0;0;0;in;1493841970346999808;1752533377771782448;JDIHKPU_JAMBI;https://twitter.com/JDIHKPU_JAMBI/status/1752533377771782448
Wed Jan 31 03:23:53 +0000 2024;1752533129045184947;"#Pemilu2024 Akankah Tren Pemimpin Populis Berangsur Bangkit? #AdadiKompas  https://t.co/rvP7omjXtj";0;0;0;0;in;771030588;1752533129045184947;KompasData;https://twitter.com/KompasData/status/1752533129045184947
Wed Jan 31 03:20:44 +0000 2024;1752532339278950486;"Sebagai anak hukum itu harus berprinsip ‚Äòyang penting bukan 02‚Äô  Rugi dong kalo sampe milih mereka yang Cawapresnya melanggar MK, Capresnya melanggar HAM, dan pendukungnya melanggar kampanye.    #PresidenJokowi #PrabowoGibran #Pilpres2024 #Pemilu2024 #AsalBukan02 https://t.co/4iN3fjNQWz";0;0;0;0;in;1737890750757765120;1752532339278950486;SariPutri96;https://twitter.com/SariPutri96/status/1752532339278950486
Wed Jan 31 03:19:30 +0000 2024;1752532027738358046;"Akankah Tren Pemimpin Populis Berangsur Bangkit? #Pemilu2024 #AdadiKompas  https://t.co/iB074klYz3";0;3;0;3;in;255866913;1752532027738358046;hariankompas;https://twitter.com/hariankompas/status/1752532027738358046
Wed Jan 31 03:18:23 +0000 2024;1752531748326670775;""Jangan biarkan Hoax menjadi penghalang bagi kita untuk memberikan hak suara yang adil dan merdeka di Pemilu 2024. Mari kita bersama-sama memerangi Hoax dan menjamin kelancaran dan keamanan Pemilu." @divisihumaspolri @humaspoldajatim #pemilu2024 https://t.co/kz3g4GcFsR";0;0;0;0;in;1703939109654585344;1752531748326670775;humasektuban;https://twitter.com/humasektuban/status/1752531748326670775
Wed Jan 31 03:15:57 +0000 2024;1752531135962509355;"Gibran belum layak menjadi Cawapres karena latar belakang dan privilege dirinya telah menutupi kemampuannya yang sebenarnya belum masuk.    #PresidenJokowi #PrabowoGibran #Pilpres2024 #Pemilu2024 #AsalBukanGibran https://t.co/xdZFxdleyh";0;0;0;0;in;1737890750757765120;1752531135962509355;SariPutri96;https://twitter.com/SariPutri96/status/1752531135962509355
Wed Jan 31 03:15:57 +0000 2024;1752531135748608441;"Wujudkan pemilu 2024 yang aman dan damai   #pemilu2024 #pemilu2024amandandamai https://t.co/sjeLY1HutH";0;0;0;0;in;1554455202136485888;1752531135748608441;hoholucu;https://twitter.com/hoholucu/status/1752531135748608441
Wed Jan 31 03:15:50 +0000 2024;1752531102806450608;"Wujudkan pemilu 2024 yang aman dan damai   #pemilu2024 #pemilu2024amandandamai https://t.co/gx7Ypqhg0x";0;0;0;0;in;1554455202136485888;1752531102806450608;hoholucu;https://twitter.com/hoholucu/status/1752531102806450608
Wed Jan 31 03:15:41 +0000 2024;1752531069033984401;"Wujudkan pemilu 2024 yang aman dan damai   #pemilu2024 #pemilu2024amandandamai https://t.co/daQpvMVqBZ";0;0;0;0;in;1554455202136485888;1752531069033984401;hoholucu;https://twitter.com/hoholucu/status/1752531069033984401
Wed Jan 31 03:15:33 +0000 2024;1752531032392536113;"Wujudkan pemilu 2024 yang aman dan damai   #pemilu2024 #pemilu2024amandandamai https://t.co/SiXfwSV0QY";0;0;0;0;in;1554455202136485888;1752531032392536113;hoholucu;https://twitter.com/hoholucu/status/1752531032392536113
Wed Jan 31 03:15:26 +0000 2024;1752531003611165019;"Wujudkan pemilu 2024 yang aman dan damai   #pemilu2024 #pemilu2024amandandamai https://t.co/VBUezoCMJI";0;0;0;0;in;1554455202136485888;1752531003611165019;hoholucu;https://twitter.com/hoholucu/status/1752531003611165019
Wed Jan 31 03:15:20 +0000 2024;1752530979393319054;"Wujudkan pemilu 2024 yang aman dan damai   #pemilu2024 #pemilu2024amandandamai https://t.co/w5Tu0AdiwD";0;0;0;0;in;1554455202136485888;1752530979393319054;hoholucu;https://twitter.com/hoholucu/status/1752530979393319054
Wed Jan 31 03:08:40 +0000 2024;1752529301524939094;"Hanya karena membawa spanduk 03 saat Presiden Jokowi melintas, seseorang berusaha diamankan aparat. Jokowi makin panik, polisi makin kalap.   #PresidenJokowi #PrabowoGibran #Pilpres2024 #Pemilu2024 https://t.co/FrT4LpkwAc";0;1;0;0;in;1737890750757765120;1752529301524939094;SariPutri96;https://twitter.com/SariPutri96/status/1752529301524939094
Wed Jan 31 03:05:32 +0000 2024;1752528513167773959;"Suara kita menentukan masa depan kita #Pemilu2024 https://t.co/DsIb8mvVPV";0;0;0;0;in;1568463142723940354;1752528513167773959;dellaannissaa;https://twitter.com/dellaannissaa/status/1752528513167773959
Wed Jan 31 03:05:26 +0000 2024;1752528487578223043;"Ayo ke TPS gunakan hak pilih untuk menentukan masa depan bangsa #Pemilu2024 https://t.co/3M97opV0jF";0;0;0;0;in;1568463142723940354;1752528487578223043;dellaannissaa;https://twitter.com/dellaannissaa/status/1752528487578223043
Wed Jan 31 03:01:13 +0000 2024;1752527425471381857;"Wujudkan pemilu 2024 yang aman dan damai   #pemilu2024 #pemilu2024amandandamai https://t.co/LBl2M9cbFa";0;0;0;1;in;1702642688775028736;1752527425471381857;ChauzaZ;https://twitter.com/ChauzaZ/status/1752527425471381857
Wed Jan 31 03:01:08 +0000 2024;1752527407318519907;"Wujudkan pemilu 2024 yang aman dan damai   #pemilu2024 #pemilu2024amandandamai https://t.co/AxUvBaOdgQ";0;0;0;1;in;1702642688775028736;1752527407318519907;ChauzaZ;https://twitter.com/ChauzaZ/status/1752527407318519907
Wed Jan 31 03:01:04 +0000 2024;1752527387055833092;"Wujudkan pemilu 2024 yang aman dan damai   #pemilu2024 #pemilu2024amandandamai https://t.co/aXCtk98cOe";0;0;0;1;in;1702642688775028736;1752527387055833092;ChauzaZ;https://twitter.com/ChauzaZ/status/1752527387055833092
Wed Jan 31 03:00:59 +0000 2024;1752527366197494184;"Wujudkan pemilu 2024 yang aman dan damai   #pemilu2024 #pemilu2024amandandamai https://t.co/4wJgeamalP";0;0;0;1;in;1702642688775028736;1752527366197494184;ChauzaZ;https://twitter.com/ChauzaZ/status/1752527366197494184
Wed Jan 31 03:00:54 +0000 2024;1752527347612594443;"Wujudkan pemilu 2024 yang aman dan damai   #pemilu2024 #pemilu2024amandandamai https://t.co/YgbbORUGCN";0;0;0;1;in;1702642688775028736;1752527347612594443;ChauzaZ;https://twitter.com/ChauzaZ/status/1752527347612594443
Wed Jan 31 03:00:49 +0000 2024;1752527324103455201;"Wujudkan pemilu 2024 yang aman dan damai   #pemilu2024 #pemilu2024amandandamai https://t.co/QPWfcXEa3g";0;0;0;1;in;1702642688775028736;1752527324103455201;ChauzaZ;https://twitter.com/ChauzaZ/status/1752527324103455201
Wed Jan 31 03:00:44 +0000 2024;1752527305623449748;"Wujudkan pemilu 2024 yang aman dan damai   #pemilu2024 #pemilu2024amandandamai https://t.co/IiICFOOAar";0;0;0;1;in;1702642688775028736;1752527305623449748;ChauzaZ;https://twitter.com/ChauzaZ/status/1752527305623449748
Wed Jan 31 03:00:41 +0000 2024;1752527293115986072;"Wujudkan pemilu 2024 yang aman dan damai   #pemilu2024 #pemilu2024amandandamai https://t.co/n0QoIiCgW2";0;0;0;1;in;1702642688775028736;1752527293115986072;ChauzaZ;https://twitter.com/ChauzaZ/status/1752527293115986072
Wed Jan 31 03:00:02 +0000 2024;1752527128665756047;"Kawan EMCO ayo ikut serta dalam pengambilan keputusan untuk masa depan negara. Suaramu, menentukan semuanya!  #EMCOpaint #EMCOlux #catkayudanbesi #pemilu2024 #pemilu #capres #cawapres https://t.co/LO0SyAHhjG";0;1;1;3;in;1950651955;1752527128665756047;EMCOPaint;https://twitter.com/EMCOPaint/status/1752527128665756047
Wed Jan 31 02:53:54 +0000 2024;1752525585220317669;"#Pemilu2024 Jawaban Mahfud Saat Kiai Bertanya jika Dia Kalah Pilpres #AdadiKompas  https://t.co/oE9r6hVAg9";0;0;0;0;in;771030588;1752525585220317669;KompasData;https://twitter.com/KompasData/status/1752525585220317669
Wed Jan 31 02:49:57 +0000 2024;1752524590243274815;"Jawaban Mahfud Saat Kiai Bertanya jika Dia Kalah Pilpres #Pemilu2024 #AdadiKompas  https://t.co/Ua0z7Bjswn";0;0;0;2;in;255866913;1752524590243274815;hariankompas;https://twitter.com/hariankompas/status/1752524590243274815
Wed Jan 31 02:48:30 +0000 2024;1752524226773549059;"Personel OMB Mansinam 2023-2024 Polres Teluk Wondama melaksanakan pengamanan kegiatan Kampanye di Kampung Manopi Distrik Wasior Kab. Teluk Wondama  #opsmantapbrata20232024  #pemilu2024  #polrihumanis  #polripresisi @humas_poldaPB @DivHumas_Polri https://t.co/AZJMtSxlvA";0;0;0;0;in;1468109313977683978;1752524226773549059;PolresTW;https://twitter.com/PolresTW/status/1752524226773549059
Wed Jan 31 02:39:16 +0000 2024;1752521900889354655;"Penyalahgunaan program dan kebijakan adalah ketika bansos dan BLT digunakan untuk berkampanye dan menggiring dukungan publik. Ingat itu!  #PresidenJokowi #PrabowoGibran #Pilpres2024 #Pemilu2024 https://t.co/uRvu28HttM";0;0;0;0;in;1722581577933500416;1752521900889354655;walkingside_;https://twitter.com/walkingside_/status/1752521900889354655
Wed Jan 31 02:38:38 +0000 2024;1752521741849780408;"Kita semua tahu bahwa Bansos dan BLT itu program negara untuk masyarakat. Bukan program tim pemenangan Capres untuk mencari dukungan publik. Telah terjadi penyalahgunaan kebijakan.   #PresidenJokowi #PrabowoGibran #Pilpres2024 #Pemilu2024 #AsalBukan02 https://t.co/6mmqXLG6iH";0;0;0;0;in;1722581577933500416;1752521741849780408;walkingside_;https://twitter.com/walkingside_/status/1752521741849780408
Wed Jan 31 02:37:49 +0000 2024;1752521538333823301;"Bawaslu Provinsi Sulawesi Utara melaksanakan Rapat Koordinasi Penguatan Kelembagaan bersama Stakeholder se-Provinsi Sulawesi Utara. (28-30 Januari 2024) bertempat di Hotel Sintesa Peninsula Manado.   "Sunergitas Wujudkan Pemilu Berintegritas". üòâ  #AyoAwasiBersama #Pemilu2024 https://t.co/UPAARuK9xP";0;0;0;1;in;1597313246465171456;1752521538333823301;PrBawasluSulut;https://twitter.com/PrBawasluSulut/status/1752521538333823301
Wed Jan 31 02:36:37 +0000 2024;1752521235895066747;"gw nanya ke beberapa temen gw tentang pilihannya karena pure kepo aja (beda pilihan juga), "lu milih 04 alasannya apa?" orang pertama: ikut aja lah (intinya fomo) orang kedua jawab dengan menjelek-jelekkan paslon lain. hmm, gw tuh maunya jawaban yang.. hmm lu tau dah #pemilu2024";0;0;0;0;in;1551076851694829573;1752521235895066747;ZmrtsS_;https://twitter.com/ZmrtsS_/status/1752521235895066747
Wed Jan 31 02:35:00 +0000 2024;1752520827780960646;"KPU RI menyatakan penyelenggaraan Pemilu 2024 harus terbuka demi transparansi informasi kepada masyarakat.   #Pemilu2024  https://t.co/eMbvJinaJZ";0;0;0;0;in;18071520;1752520827780960646;antaranews;https://twitter.com/antaranews/status/1752520827780960646
Wed Jan 31 02:34:24 +0000 2024;1752520679017398715;"Gibran seolah-olah menguasai masalah namun sebenarnya tidak secara substansi dan cenderung menghafal.    #PresidenJokowi #PrabowoGibran #Pilpres2024 #Pemilu2024 #AsalBukanGibran https://t.co/acyMyRrjI2";0;1;0;0;in;1722581577933500416;1752520679017398715;walkingside_;https://twitter.com/walkingside_/status/1752520679017398715
