Komentar,Klasifikasi Manual,Klasifikasi Sistem
insya allah partai bulan bintang masuk parlamen dpr ri pilih datang putus mk buka luas generasi muda maju jadi capres cawapres pbb sambut baik juang parlemen pt capres persen,positif,positif
gila dedi bosan pujipuji prabowo subianto,negatif,negatif
yakin pilih bakal curang kpu lembek begini najis,negatif,negatif
jangan polarisasi pilih golkar pilih lebih baik erina tukeran bodoh axelsenaang giselle cakep banget kiboy muhaimin blacklist ginting,negatif,negatif
sila senang hati kalian siap teman rawan ganjar ayo sukses pilih salam buat teman rawan ganjar sana tahu berat buat kalian,positif,positif
ada pasang amin anismuhaimin insyaallah pilih jalan aman lancar,positif,positif
dukung penuh selenggara pilih transparan unilever dita cinta panjang durasi oktober egyptian donat innalillahi gus dur typingnya hari sabtu sarap the un stop the genocide nik,positif,positif
pilih sempat semua bukti demokrasi indonesia jadi contoh dunia ganjar mahfud menang,positif,positif
kpu gelar doa sama elite parpol pilih jalan damai erick thohir yoona oklin bodoh is coming by duta have safe flight jungkook cikarang rafly jakarta pagiii,negatif,negatif
bapak prabowo jangan nyalon kapok kalah,negatif,positif
bagus banget insha allah indonesia smakin maju pilih pakde bows mas gibs pilih,positif,positif
walaupun balik jeruji besi pilih pimpin lebih selektif dukung pilih kualitas,positif,positif
perlu bersamasama jaga integritas pilih demokrasi tetap kuat daya ganjar mahfud menang,positif,positif
atur bodoh koalidi dukung capres hasil pilih kedaluarsa ibarat pingin kenyang makan makan basi sakit perut,negatif,negatif
kasus besar banget amp kait pilih rame gila memang wakanda,negatif,negatif
golput pilih siapa menang kalah ngaruh buat,negatif,negatif
dukung panggil ganjar pranowo jaga integritas pilih demokrasi tetap kuat ganjar mahfud menang,positif,positif
orang bodoh bodoh bin dungu alas curang kalau kalahgak pernah sadar kalau dukung rakyat bodoh bodoh bin dungudi begitupemilupilpres jujur syarat kaum kampret bin kadrun nangka arti curang,negatif,negatif
tuju cipta pilih damai sejuk buat ribut pilih monggo biar menang kalah tetap harmonis legowo harap,positif,positif
jadi curiga nasdem tu belakang koalisi sama pdip ky skenario nasdem pura usung anies jadi capres awal biar partai usung anies anies jatuhin mepet pilih jadi anies auto kalahkelar,negatif,negatif
gen kagum dengan cara jadi cawapres wajar dijadiin contoh semua instan bagus semua mesti proses pilih adil pilih pertama tahu sp pilih pasang milik alam exce legis yudi,positif,positif
hampir beberapa minggu buka twitter baru scroll menit langsung pening hidup duta mui duta anti judol pilih cwe makan tbtb hajar cililitan puncak berita ktt asean amp pltu wtf,negatif,negatif
kira pilih demokrat kisar persen percaya sila skip usah komentar,positif,negatif
gila gila gila plot twist banget bakal seru pilih psi beneran vulgar gin ngambil salah satu anggota keluarga banteng bahaya tah,negatif,negatif
nyata ganjar pranowo pilih jujur adil jadi tolok ukur bangga demokrasi pandang bijak dalam ganjar mahfud menang,positif,positif
orang mabuk tuduh datasekalinya milik data komplit cuma potong nuduh kpu curangsejak kpu sering tuduh curangehh pola mau pakai pilih,positif,negatif
perlu apresiasi ganjar pranowo ajak masyarakat jaga integritas pilih ganjar mahfud menang,positif,positif
yakin tu februari bilang pilih curang,positif,positif
yakin bapak ganjar menang pilih kerja jelas manfaat rakyat kalau tifa bodoh jadi gila gara bonus,negatif,negatif
sangat tuju dapat pakar sebut mungkin besar jadi biar pilih satu putar siapa menang konstitusi hormat,positif,positif
makin gila pilih keluarga,negatif,negatif
buang berita hoax isu sara mone politik tempat sukses pilih aman damai sejuk ops mantap brata turangga polres belu,positif,positif
kak nyonto pandu tetap tak selipin lawa sama bahas politik sekarang banyak sentimen jelang pilih,positif,negatif
gibran memenag sangat luar biasa survei unisri tingkat puas warga solo tahun kerja gibran capai performa luar biasa buat jadi salah satu pilih kuat cawapres pilih cctv anya,positif,positif
demokrat sejak pertama ikut pilih anies,positif,positif
tolak ketua kpu curangsemoga cepat mati pilih,negatif,negatif
sistem koncoisme model shartoorba antisipasi cegah cara tak pilih prabowo pilih jangan rakyat bangsa indonesia salah pilih akibat lebih bodoh keledai tak perosok lubang sama,negatif,negatif
ehh anak muda tahu malu maju jadi capres hasil langgar kode etika mk lebih tahu malu buat tweet pilih nyata ehh nyata ngikutin jejak dulu baru berapa taun jadi gubernur langsung haus jabat,negatif,negatif
pilih lebih baik golput pilih bapak hati nurani kata mah tukang bohong raut muka,negatif,negatif
jangan suka menghayal mulai ganjar mahfud loyo akhir amin pimpin indonesia dukung kaya kamu minta pilih ulang teriak teriak anak istri mau makan apa,negatif,negatif
gila banget lebih gila laku elite revisi uu desa penting pilih,negatif,negatif
figur daulat dukung prabowo subianto pimpin bawa indonesia arah lebih baik,positif,positif
jarang komen politik mungkin cuma sekal bukan fans berat bapak anies walaupun pernah kerja bawah pimpin beliau langsung strategi sosmed baik rasa beliau potensi menang voters gen millenials sekarang besar pilih,positif,positif
memek momok pilih ajang dosa gila semua,negatif,negatif
buat ngaruhsbb golput pilih penuh dagelanmales,negatif,negatif
pokok inti kalau yohanies aibon menang pilih jujur kalau kalah curang mantap,positif,positif
ingat semua orang kata anak babi terima kalau kamu blom kenal dekat ato bukan tongkrong bareng it really bad to that kata they both are really have fuckin wrong things in each others isya marlo cipta pilih damai,negatif,negatif
bulan lalu prediksi presiden bapak restu bahkan panggil calon presiden intusisi politik jadi nyata hari bapak presiden undang tiga terima kasih presiden jokowi moga pilih jalan aman,positif,positif
negara jaga prinsip demokrasi jelang pilih,positif,positif
yakin pemilupilpres jalan jujur adil ingat mk kpu jadi tim menang rezim jokowi,negatif,positif
mohon maaf cuma sampai fakta mbak yenny pilih psi pilih,positif,positif
doa moga kalian semua gerombol cebong dungu turun pki buzzerrp oligarki rakus timpa bencana alam kalah pilih,negatif,negatif
moga gus muhaimin iskandar anis baswedan menang pilih pkb jaya,positif,positif
kpu dorong partisipasi perempuan pilih rocky gerung baby monster my name yumi bajing bodoh jokowi itaewon helena pikir about admin umur cancer sarap pagi un desa haein,negatif,negatif
fairpemilu mungkin manipulasi bongkar proses anggap gila,negatif,negatif
mui siap kawal pilih pokok aman penak enak bajing bodoh kapolda park jimin lucas presiden dino riize asing bang chan luka,negatif,negatif
beda pilih bukan arti ricuh sama sukses pilih damai ganjar mahfud menang ngopisantuy barengpakbowo brightest star eunchae standing lanjut to army,positif,positif
pemkab bandung siap wujud pilih aman damai rendy lisa mas ian umur jisoo panji gumilang tunggu what haein jokowi bajing bodoh dispatch,negatif,negatif
prof eddy perkara kecil cuma mulusin kesah pt malah kena korupsi cuma alih isu jelang pilih,negatif,negatif
pesan seluruh personel polri terus siap diri tindak profesional awal seluruh agenda perintah khusus aman rangkai pilih guna wujud pilih damai modal utama bangun bangsa tuju indonesia maju,positif,positif
kualitas kerja pilih presiden orang lihat kualitas andal kerja ketua kadin,positif,positif
pilih bersih adil harap sama masa depan lebih baik ganjar mahfud menang,positif,positif
pilih saat pilih pimpin jadi negara maju adil,positif,positif
mulai kuping dengerin obrol politik pilih cafe kantor bandara warung padang bahkan tempat golf emang anti politik tetap kuping nyaman jadi selalu buru pindah tempat,negatif,negatif
pilih pdip rasa jadi korban biar banyak simpati kalian baku hantam sama keluarga solo bodoh mending ngopi,negatif,negatif
gin mau menang pilih dukung sama bodoh kalau dewa hoaxz meme jauh jauh bakal sulit tim kan wan brizik bib toa tenggelam nies,negatif,negatif
milih bapak diandalin mampu kerja baiksaya tahu bapak milik ambisi reputasi mata duniatapi bapak keliru kalkulasi politik pilih lama sesuai espektasi sbb ingat ruang waktu batas bapak,positif,positif
butuh ubah harap pilih jujur adil transparan,positif,positif
orang bodoh bodoh bin dungu alas curang kalau kalahgak pernah sadar kalau dukung rakyat bodoh bodoh bin dungudi begitupemilupilpres jujur syarat kaum kampret bin kadrun nangka arti curang,negatif,negatif
jangan bangga dulu jadi benci psi sekarang pilih psi dulu amp jadi pmilih psi dulu muak cara politik psi skrang liat habis pilih kalau suara psi anjlok arti kata benar ada,negatif,negatif
kpu terus gencar didik pilih bajing bodoh kapolda park jimin lucas presiden dino riize asing bang chan luka,negatif,negatif
insan siar turut jaga kondusivitas jelang pilih ian ian ian ngilu mario dandy jeon ian is coming hyena bodoh so excited leao mas ian shopeepay,negatif,negatif
tum demokrat ahy pilih prabowo subianto dekade pilih,positif,positif
halo gersospren muncul gibran rakabuming raka damping prabowo subianto buat publik tanya netralitas presiden joko widodo pilih bagaimana tanggapaan masyarakat soal netralitas jokowi ayo tonton video ikut,positif,positif
moga hindar pilih curang,positif,positif
anjur perintah habis uang banyak pilih lebih efisien bapak anis lantik langsung alas rakyat ubah lebih baik pimpin jujur cserdas amanah,positif,positif
bodoh dukung belum banyak dikecewain percaya tindak tanduk pilih penting asal jangan prabowo amp genjer,negatif,negatif
benar teori gulir anarkisme kian muncul biar letup demo terus kasih solusi bahkan cenderung sengaja biar lihat rusuh jangan pancing mau pilih urus negeri bodoh milik potensi mbodohi,negatif,negatif
resmi dukung demokrat pilpres prabowo buat baik,positif,positif
kuliah sasjep kasih tugas bikin makalah ngebahas pilih koruptor ama masalah jamin sehat mana ngerti anjim sasjep ama hukum patah bawah jancoeg kagak nyambung samsek,negatif,positif
benar suara demokrat merosot lihat pilih sama anies demokrat peluang kembali kursi hilang daerah jawa tengah sumut indonesia bagi timur benci anies banyak jadi plus minus,negatif,positif
mnrt kalau liat dari anggar arti arah negara tuju bangun tahan tahun pilih jadi anggar aman tingkat didik sehat sama kurang anggar energi industri lingkung hidup pariwisata,positif,positif
cinta bapak jokowi bangga jokowi tetap cipta pilih damai siap gagas top siap mental buat siapa menang sodara,positif,positif
saran pdi juang banyak saksi tps lurah camat tingkat atas pilih sulit jadi pilih jurdil banyak tangan setan usaha rekayasa hasil pilih,positif,positif
kerja gemilang mas gibran lejit lama pimpin kota solo mikat hati masyarakat gerak hati rawan bala gibran siap beri dukung penuh maju jadi calon wakil presiden pilih pandawara,positif,positif
masuk bodoh bodoh sert bodohbaca pkpu tahun pasal kampanye pilih mulai serentak nov pebkebodohan jangan pelihara biar otak salah paham ajar ui pilih biar kamu keliru,negatif,negatif
bijak ugal ugalan rezim jokowi bijak visa tka aseng jadi wni siap ikut pilih orang luar ikut pilih hancur negriku tangan penghianat bangsa pimpin ijazah palsu,negatif,positif
liatin dulu tahun bakal pilih sekira rakyat indonesia mikir bantai situ biar malu sampe anak cucu,negatif,negatif
mnrt kamu kali pertama ikut pilih golput,negatif,negatif
daftar capres cawapres pilih buka oktober november politik rebut kuasa bukan langkah bodoh cuma cari muka,negatif,negatif
rawan bolone mase sumatra barat sepakat usung mas gibran jadi cawapres pilih teman teman kalau tuju banget milik pimpin muda biar lebih fresh menang indonesia senang gibran gen ferel,positif,positif
pilih memang asyik kalau kata adi napitupulu lawan orde baru neo orbe baru jungkal sama drama sinetron hasil design sang sutradara,positif,negatif
bakal capres koalisi indonesia maju prabowo subianto cerita alam kalah kontestasi pilih presiden pilpres lt,positif,positif
lagi bagaimana mau maju kalau fokus malah kesitu dukung pdi sama golkar kalau mau milih anies bakal henti rantai pdip joko pilih sangat gampang,negatif,negatif
partai getol produksi koruptor pdippartai rusak kalah telak pilih,negatif,negatif
pimpin prabowo yakin indonesia makin maju kembang bersamasama bangun negeri jadi lebih baik,positif,positif
tim kampanye nasional koalisi indonesia maju nyata putus dampak calon pasang prabowogibranpada pilih,positif,positif
beberapa hari intens ikut berita pilih jadi pdip sibuk narasi masuk akal gerindra masa bodoh amin masa bodoh simpul pdip partai banyak drama wkwkkwkw,negatif,negatif
yakin prabowo jadi lawan tangguh mampu bawa ubah positif indonesia,positif,positif
bapak amp anak laku sama bacot amp tindak selalu beda bas tahun dukung mati baru sadar sekarang,negatif,negatif
sama anak muda mengsukseskan pilih anismuhaimin presiden,positif,positif
jajah kuasa gila partai gila harta gila kuasa jelang gila pilih makin buat menjadijadi cari pundipundi jadi pimpin tinggi korupsi,negatif,negatif
butuh suara buat pilih gratisin tayang timnas mau nonton bola susah rcti tempat lost signal kgg tonton nyusahin mau nonton timnas kgg bakal suara pilih,negatif,negatif
ketua mk anwar usman henti jabat ketua mk gibran rakabuming raka lenggang jadi cawapres pilih,positif,positif
pilih jangan lupa pilih caleg partai dukung capres cawapres dukung legislatif penting buat dukung program perintah ingat terus gerak maju lupa,positif,positif
ganjar pranowo bangun harap demokrasi kualitas ajak masyarakat peran aktif awas pilih sikap depan partisipasi rakyat landas kuat demokrasi kuat stabil ganjar mahfud menang,positif,positif
pasca pilih bakal banyak gila sinting akibat ramal salah,negatif,negatif
begini demen bangun bagus lanjut jangan perintah baru lanjut bangun kapan indonesia maju pan pasti gabung koalisi perintah pilih zulhas lanjut bangun bapak jokowi ketua umum,positif,positif
profresor bodoh budek buta pilih jls pebroari sj kirim surat dasar bodoh,negatif,negatif
bayang buku peta politik pilih indonesia tahun bakal setebel tiap minggu kegokilannuya,positif,positif
prabowo pimpin berani tegas ambil putus yakin pilih damping milik pimpin sama kuat,positif,positif
bangga lihat makin banyak partai dukung prabowo pilih tunjuk beliau milik daya tarik percaya kuat bagai kalang terus maju sama,positif,positif
kalau orang palestina pilih israel beri hak pilih milih netanyahu papua mayoritas milih jokowi milih pdip ikut nentuin nasib bangsa lihat jelek minta merdeka bangsat kata,negatif,negatif
doa bapak menang pilih,positif,positif
pikir parah masa cebong kampret gabung gitukalau sendiri ngadem tunggu siapa menang pilih nonton cebong kampret nyerang cebong sisa kubu belah,negatif,negatif
milu lihat orang tololgoblok sekolahsudah tahu jegal lewat mkmambegal demokratkpk kejagungnegara rusak acak kadut perlu tunggu pilih lihat lihat,negatif,positif
indonesia jadi bangsa bangga demokrasi pilih jalan intervensi ganjar mahfud menang,positif,positif
sungguh mantap program anis muhaimin bila jadi presiden wakil presiden pilih amin tegak lurus rakyat,positif,positif
pilih psi anggap pilih dki bawa angin segar bukan l liat aksi badutbadut pilih kalau yakin partai bakal nyungsep,negatif,negatif
purworejo area pilih sensasi pagi beengkel wabah gilagejalanya wanita suka bicara bohong pria liat orang pakai seragam mata pecicilanwaspadalahwaspadalah,negatif,negatif
pasal nomor tahun izin presidenwakil presiden kepala daerah berkampanyenahanehnya orang dungu bin bodoh masalah cawe cawe politik presidenutk cari panggunganda sehat ngakatau mau debat,negatif,negatif
awas data dps juta data janggal potensi thd pilih curang,positif,positif
fair pilih pelopor era anti isuepemong kira manipulasi kira alami ganggu jiwa segera dirawatjuga cukong tukang bayar sebar isue jadi gila tak bisnis keluarga jual aset bisnis,negatif,negatif
mantaaap bapak ayo bapak segera deklarasi pilih kepada pilih tetap pasang amin bapak anies gus muhaimin sangat tuju ps pasang gibran,positif,positif
urus sama junjung mu sama boneka oligarki kampanye pilih menang golput merdeka,negatif,negatif
gila tiap satker kpu kab kota propinsi mayoritas diiisi orang pdip baju gmni syarat mutlak rekrutmen komisionergmana harap jujur pilih,negatif,negatif
tuju mbak kualitas kader bodoh bodoh bodoh dungu makanya pilih bocil jadi tum tinggal saksi nyungsepnya partai pilih tahun,negatif,negatif
jadi periode usah bodoh tolol lihat sangat luar substansi pakai bilang komunis tahap pilih sedang jalan gelas feb kalau mmng bukti yaa rakyat milih sby cm mau tanya mmng mau maju,negatif,negatif
bos lihat hasil pilih demokrat kalian nyungsep kaya kader demokrat nyenggol pkn klean genit banget nyenggol demokrat terus pansos,negatif,negatif
pilih atur pki masa mau makan korban indonesia jangan bodoh banget,negatif,negatif
jelas sekali kodok bau siap curang main kasar pilih manusia tahu adat segera musnah keras lawan keras kira menang kalau kalah rezim pki lebih kejam,negatif,positif
ganjar pranowo ingat penting lindung demokrasi jaga pilih tetap adil ganjar mahfud menang,positif,positif
gerombol samun bodoh bentar pilih koc malah minta makzul dongok jamaah,negatif,negatif
percuma kalau rezim ujung usia pilih menang bapak anies baeu penjara semua bajing bodoh hancur buzzer sampah,negatif,negatif
pilih asik musuh cebong kampret gegara prabowo gibran siapa pilih moga pilih damai pasti pilih golput,negatif,negatif
wapres minta bupati indonesia jaga stabilitas aman jelang pilih ian ian ian ngilu mario dandy jeon ian is coming hyena bodoh so excited leao mas ian shopeepay,negatif,negatif
ayo awas sama laksana pilih bajing bodoh kapolda park jimin lucas presiden dino riize asing bang chan luka,negatif,negatif
ingat prabowo dalang rusuh,negatif,negatif
pers peran penting meminimalisir politik identitas pilih innalillahi hojlund messi jeonghan gea zoro nasdem maguire sanggup havert bodoh senin,negatif,negatif
purworejo area pilih mungkin saking takut kunjung kpk rtrw tempat kini orang gila takut orang datang,negatif,negatif
fren kabar survey banyak masyarakat lihat jadi harap masbowo maju pilih pakbowomasgi pasdihati paksubiantojelas yangterbaik,positif,positif
inti moga pilih jauh lebih baik pilih parah abis komitmen milih calon dukung sangat neng jatuhin calon banding promosiin lebih calon,positif,negatif
daftar capres cawapres pilih buka oktober november politik rebut kuasa bukan langkah bodoh cuma cari muka,negatif,negatif
pilih benar bikin jalan tingkat kualitas demokrasi main radikalradikul kofar kafir harus reda kalaupun pengaruh jamin pilih masuk kubu guna alat bodoh kalau mau pakek,negatif,negatif
cepat pilih tahu presiden swlanjutnya sik,positif,positif
semua berdo elit perintah semua bunuhbunuhan tuju pilih biar negeri bebas manusia bangsat udha tua gila kuasa,negatif,negatif
gila kayak kalau gagal pilih,negatif,negatif
lama interaksi kerja sekretariat kpu provinsi jawa barat salah baik sengaja maupun sengaja akhir masa jabat yakin sekretariat kpu provinsi jawa barat selenggara tahap pilih serentak sukses,positif,negatif
sumpah tuhan indonesia bakal pilih bapak ganjar pilih,positif,positif
skeptis pilih pasang bakal menang pasang sangat erti orang bodoh kalau mau menang siapa jual sangat simpel realita perlu mainstreamnya change my mind,negatif,negatif
presiden jokowi wajib pasti kalau pilpres aman segala macam curang politik jokowi undang ketua parpol lancar proses pilih amp pilpres wajar ajar etika negara biar bodoh,negatif,negatif
drama politik bangsattt banteng main kaki jadi ragu pilih tertib jujur,negatif,negatif
tuju ganjar masyarakat milik peran penting awas laksana pilih bersamasama jaga demokrasi ganjar mahfud menang,positif,positif
dukung anies coblos pilih,positif,positif
percaya bapak ganjar mampu pasti seluruh aparatur negara netral pilih,positif,positif
bodoh semua lini gugat uu pilih penting pilih depan mata bodoh minta batas usia minimum turun bodoh minta batas usia maksimum turun menghalangimembolehkan orang ikuttdk ikut pilpres semua tipu,negatif,negatif
harap tarung politik semua tokoh masayarakat libat tetap jaga santun sukses pilih tahun ucap jokowi,positif,positif
benar gampang bukti hasil pilih curang adil,positif,positif
cermat ada darurat tunda pilih bukan laksana pilih kambing bodoh hasut omong rip sarip,negatif,negatif
cuma ada indonesia chaos urus pilih elit politik bodoh ngipasi biar chaos,negatif,negatif
pilih seru anak muda tampil dominasi helat tahun sekali bagus mangkas umur birokrasi tua banyak alam korupsi sampe aman buah nama korupsi jadi sakit kronis amputasi sekarang negara hancur,positif,negatif
tanya kena yakin kait prabowogibran menang pilih umum pilih prabowo subianto,positif,positif
seru pilih jokowi vs pdi asal fair bukan masalah capres cawapresnya semua bagus bakal bikin seru malah dukung teman amp kader masing masing kubu,positif,positif
selalu ingat islam pilih percaya akhirat meledikin aji ibu sholom sallam sama salah nonton bokep tukang bakso amal masa depan,negatif,negatif
tanya jelang tahun pilih kamu peduli pilih presiden wakil presiden langsung tahun sebut alas,positif,positif
rt pkb kaya menang telak pilih,positif,positif
kerja ganjar pranowo nyata asa,positif,positif
pers peran penting meminimalisir politik identitas pilih innalillahi hojlund messi jeonghan gea zoro nasdem maguire sanggup havert bodoh senin,negatif,negatif
polres kpu saling sinergi hadap pilih innalillahi nunung bodoh jahat lippo jimin is coming juve mahae ujan sd inpres duren jamsil siang deres belanda ratatouille,negatif,negatif
kotak pilih pakai kardus mudah bakar curang,negatif,negatif
kendati milik nomor induk duduk nik usia bawah batas usia pilih pilih buat panitia batal hadiah utama sebut sponsor buat coblosanyayaya selenggara memang babi,negatif,positif
ckp banyak simpati ama psigw sebenarnyacm liat nihmusim pilih monitormakin sini bukan makin matang dewasa malah labil jelas,negatif,negatif
jelang pilih visi misi pasang calon presiden prabowo subianto gibran rakabuming raka,positif,positif
pers peran penting meminimalisir politik identitas pilih innalillahi hojlund messi jeonghan gea zoro nasdem maguire sanggup havert bodoh senin,negatif,negatif
mau geser pdip tahun jadi menang pilih sedang lomba mau tertawa pdip lengser kalau optimis makin jadi jahat pdip makin kuat tetap pimpin indonesia,positif,negatif
mau minta mk batas usia jadi capres turun hingga tahun mmg warga negara hak calon diri jadi pilih ikut jadi cawapres,positif,positif
sifat anies liat buruk dulu,negatif,negatif
jangan harap pemilupilpres adil pengawasamp laksana ikut main curang,negatif,positif
pilih lebih pilih golput protes gagal parpol hadir kader prestasi bersih transparan kandidat mumpuni pilih jual identitas harus programprogram utama berantas korupsi,negatif,negatif
tinggal usah milih bakar jemnggot kalau lama jadi jabat kerja bagus korupsi pantas jadi pimpin tinggal coba merdeka pikir semangat ikut pilih pertama kali lebih seru kayak,positif,positif
pilih makin dekat saat gen tentu masa dpn bangsa daulat kena siapa calon pimpin tepat pertama sampai bhw pimpin sebut hrslah selesai diri sendiri penting rakyat atas segala,positif,positif
tangkal berita hoaks pilih bajing bodoh kapolda park jimin lucas presiden dino riize asing bang chan luka,negatif,negatif
rakyat sibuk pikir bagaimana pilih curang sibuk pikir balik,positif,positif
miris kecewa pilih tahun cawapres boneka maju langgar kode etik konstitusi,negatif,negatif
pilih tetap coblos,positif,positif
satu memang aku cuma mampu asah kader jadi politis baik aku amp kader kim kualitas anggap jauh bawah junior keren pdip,positif,positif
konstitusi maksimal periode turut amandemen abis pilih kalau menang hitung periode pertama kalau ubah konstitusi sehat terus putin jadi presiden,positif,positif
analisis dampak skema capres cawapres lolos putar pilih walapun bentuk hipotesis seru skema kalau analisis lebih dalam ingat kalian kontestan pacu waktu mantau,positif,negatif
indonesia pilih anies rasyid naswedan pilih awal anies rasyid baswedan pimpin negara bangsa orang baik sama orang baik baik bangsa rakyat negara,positif,positif
sukses pilih sama amin indonesia maju,positif,positif
liat orang sensi bodoh lugu naif pura tahu pilpres pilih bebas pengaruh gerombol kadrun radikal intoleran fpi hati hati sekian terima kasih,negatif,negatif
penting ekonomi nasional aman amp lancar bu aplgi dekat pilih,positif,positif
review capres ikut pilih,positif,positif
inti mah tim prabowogibran bagus meberikan contoh suri tauladan baik sambut pilih suka cita dasar semangat satu bangsa indonesia maju semua in prabowo,positif,positif
ahmad qohar jadi narasumber giat rakernis fungsi intelkam polda lampung tema intelijen aman polri prediktif siap dukung pilih pilkada serentak aman damai tuju indonesia maju ada polda lampung,positif,positif
saran buat bohir demo mending duit simpan logistik pilih,positif,positif
ganjar pranowo calon presiden terus presiden jokowi,positif,positif
bukan orang bodoh dukung yaman,negatif,negatif
bicara gagas via dari situ jelas pilih mantab pilih bapak ganjar pranowo redflag pilih sekarang tinggal paslon kuat suara tinggal bagaimana nalnti wawancara eksklusifdebat tentu,positif,negatif
tadi gairah lihat pilih ada psi mulai semangat,positif,negatif
